Location,Stage,ID,pH,elevation,fish presence,conductivity,air temp,openwatersizem2,richness,abundance,areasampled,adjrich,larvaldensity,darner abun,darner density,other inverts,otherinvertsdensity,chiro numbers,chirodensity
Highest Bog ,nymph,HBn,4.5,851,1,26,0.160858909,13940,12,605,137,0.087591241,4.416058394,65,0.474452555,786,5.737226277,449,3.277372263
N Cherry Creek Bog,nymph,NCCBn,6.12,821,2,114.4,-0.101336478,15378,11,25,10,1.1,2.5,1,0.1,113,11.3,25,2.5
N Cherry Creek Ponds,nymph,NCCPn,4.32,827,1,20.4,-0.914366747,1951,7,62,39,0.179487179,1.58974359,21,0.538461538,350,8.974358974,113,2.897435897
Nemesis Mt Bog N,nymph,NBNn,4.15,832,1,28.2,-0.421651784,105.58,1,4,3,0.333333333,1.333333333,0,0,24,8,8,2.666666667
Nemesis Mt Bog S,nymph,NBSn,4.34,828,1,25.4,0.045653259,3022,9,118,38,0.236842105,3.105263158,9,0.236842105,344,9.052631579,104,2.736842105
Nemesis Mt Power Line Pools,nymph,NMPLn,4.53,837,1,41.43333333,-0.132097724,122,6,11,11,0.545454545,1,4,0.363636364,119,10.81818182,,
